11,156,235,108,80,92,62,246
98,86,1,221,97,121,117,41
200,166,9,91,160,17,46,246
244,235,103,62,132,62,159,64
189,24,192,18,233,235,129,92
164,52,128,23,143,91,144,149
72,218,84,194,153,162,13,169
239,186,176,58,14,42,60,74
4,23,74,219,91,47,229,158
147,72,157,182,208,67,215,191
207,55,103,15,30,204,97,59
141,228,43,221,224,129,215,149
198,227,176,78,15,240,19,195
25,217,129,65,139,251,241,174
70,3,107,202,153,86,210,181
180,176,2,178,96,10,27,42
237,194,27,244,107,246,179,211
29,48,83,64,42,73,136,106
150,135,135,124,113,9,10,30
78,101,90,62,247,143,173,16
95,253,179,83,216,8,108,215
134,150,60,60,20,246,65,252
165,11,228,172,14,173,174,126
66,76,94,11,13,214,56,79
6,219,159,245,191,240,230,213
62,81,100,188,177,202,198,107
93,215,169,226,216,10,105,222
120,173,51,160,11,169,98,240
200,166,8,98,134,116,202,216
44,169,242,72,105,140,191,191
165,50,255,166,55,231,224,69
216,208,4,133,87,206,211,250
143,164,21,32,151,93,192,229
56,232,14,104,164,6,211,1
100,102,14,129,147,13,190,187
74,252,247,67,91,13,52,117
66,31,239,185,88,114,111,6
74,84,226,165,202,254,171,56
132,185,253,250,84,69,169,72
182,122,52,97,126,48,45,106
201,93,189,181,51,125,128,66
74,55,147,134,67,61,239,108
236,116,245,154,226,85,73,245
4,147,228,103,39,253,101,224
12,167,168,154,143,68,154,162
32,215,76,148,119,139,70,165
132,222,29,231,165,5,72,201
28,140,47,221,192,62,133,223
242,68,216,242,211,145,102,44
181,125,51,85,207,175,88,236
52,65,158,107,6,31,75,205
230,176,60,76,176,185,52,111
101,126,116,68,105,42,140,234
239,112,112,83,177,115,206,72
228,227,159,174,107,105,253,7
75,70,52,60,95,55,27,153
77,155,165,25,184,215,179,228
183,250,44,22,134,157,80,194
124,14,73,55,61,173,3,129
49,149,62,51,53,127,226,100
144,228,146,248,40,98,131,33
246,97,143,36,183,246,133,97
228,8,196,142,229,177,8,67
130,230,131,187,154,91,48,217
23,161,100,105,33,145,166,169
146,238,192,7,170,70,22,45
5,25,55,59,201,62,178,83
36,129,43,91,246,145,173,254
202,26,66,244,11,46,193,132
117,233,232,71,201,85,170,46
197,139,202,198,83,27,169,187
1,174,93,156,177,234,2,221
145,150,85,34,78,255,127,187
133,154,46,106,123,234,234,109
13,164,167,184,234,18,150,131
255,181,65,4,51,46,215,126
85,95,196,122,82,205,133,84
172,72,187,250,39,207,126,241
198,174,243,153,245,233,33,177
8,221,0,29,228,37,211,231
252,187,184,133,128,95,126,90
208,61,182,127,55,202,13,194
214,239,217,239,222,105,241,79
3,112,194,111,45,150,159,34
112,243,89,201,62,127,16,210
219,191,72,127,18,164,63,233
39,176,127,68,12,90,175,100
215,180,174,128,116,75,227,55
151,78,206,208,245,243,227,198
180,23,153,132,32,37,190,109
159,56,13,31,231,132,2,249
110,242,237,219,34,10,70,44
91,22,64,34,14,132,160,61
67,141,208,21,201,20,47,86
40,209,172,9,215,174,147,21
175,113,166,5,160,156,112,11
163,145,214,69,239,250,239,64
112,104,22,187,117,58,61,173
169,193,132,137,68,162,10,192
130,123,2,135,85,201,10,220
86,9,185,195,2,29,119,214
35,242,146,252,140,96,142,121
9,81,188,39,150,38,14,2
207,86,41,234,168,88,188,165
94,196,16,36,174,181,225,7
68,113,109,99,118,76,202,194
50,201,124,107,53,3,71,228
126,75,66,182,3,19,45,112
162,11,4,238,90,137,212,219
187,46,206,117,155,199,154,144
11,113,238,222,138,1,94,109
120,162,118,113,205,192,6,68
10,37,189,171,112,98,249,91
112,113,222,188,100,152,166,236
124,144,55,7,251,231,251,166
163,163,236,165,109,40,238,42
126,92,98,226,87,8,248,142
76,130,196,191,55,137,149,221
109,112,130,110,241,127,197,149
232,150,205,217,77,19,142,40
230,246,28,28,119,67,120,125
53,168,169,6,125,96,15,108
198,87,245,156,213,143,101,68
48,194,64,150,212,73,142,73
42,60,18,224,56,219,33,46
20,44,181,26,159,230,190,160
111,142,184,24,13,224,130,187
97,112,110,99,106,145,149,146
51,118,109,182,2,151,157,171
210,86,15,130,3,227,71,129
81,93,244,106,3,58,197,1
100,232,126,200,119,180,75,13
231,236,84,38,61,64,145,252
85,110,224,198,19,31,85,23
82,11,209,27,29,100,214,29
34,114,153,77,99,123,89,193
47,229,240,185,81,158,168,39
135,188,79,111,54,97,142,107
91,226,118,178,197,40,92,26
130,86,231,123,151,171,103,182
244,171,104,246,166,121,136,54
79,136,133,4,211,114,154,132
85,40,12,183,98,76,0,253
107,219,143,217,121,15,28,245
28,132,229,102,164,153,217,48
148,25,170,13,84,27,34,106
38,38,186,179,91,153,105,208
199,74,186,240,114,110,33,133
144,185,143,143,180,198,68,30
64,184,229,18,32,34,206,38
184,36,169,45,26,215,63,155
125,235,143,70,235,143,29,110
57,145,141,251,60,199,112,7
58,173,94,156,159,79,69,191
241,106,0,173,6,206,44,100
117,6,55,101,74,59,185,185
254,86,8,50,166,101,7,243
106,64,62,50,57,108,48,61
187,63,232,187,135,69,214,53
151,227,217,213,248,58,157,109
198,78,39,186,88,104,174,235
184,185,173,93,86,63,54,169
253,237,137,224,5,6,229,21
203,202,158,28,94,84,112,146
123,195,19,29,188,152,15,245
12,95,210,164,94,146,0,10
159,186,10,163,232,215,2,13
249,2,174,196,227,81,219,49
4,251,243,227,56,188,210,28
78,123,214,143,185,43,53,104
136,239,148,141,153,129,213,35
9,212,48,85,238,248,133,80
73,63,240,146,54,158,159,101
102,85,224,166,207,210,126,203
162,211,78,37,126,204,5,97
227,136,76,85,233,18,23,250
50,214,50,180,29,4,28,218
60,53,25,114,9,81,131,60
212,176,97,243,0,127,59,207
111,102,44,78,59,103,56,52
167,10,224,208,85,183,244,130
185,99,169,122,205,111,235,194
6,204,244,127,135,100,30,116
150,181,245,199,76,191,145,8
144,33,35,111,70,127,205,101
195,38,183,70,132,243,95,102
32,113,48,82,124,65,87,88
62,191,210,73,132,226,201,125
213,100,34,24,88,35,80,140
67,200,107,95,151,166,134,47
11,229,61,243,69,223,141,131
80,202,233,91,75,152,137,155
94,27,6,83,243,109,36,254
34,143,238,76,108,80,9,37
173,112,66,234,76,6,105,254
181,31,98,133,9,168,121,107
19,142,246,168,127,35,241,195
70,196,104,149,109,185,143,80
239,92,103,192,248,125,146,208
83,6,102,79,38,219,64,244
221,4,27,160,100,14,97,228
153,174,0,195,1,168,193,185
185,239,214,252,176,14,177,1
20,198,29,66,10,249,135,63
162,199,156,194,10,246,26,104
2,151,223,93,143,230,71,103
244,115,180,38,222,127,110,154
223,169,174,229,29,202,245,82
76,29,162,151,217,163,196,87
104,197,45,235,129,60,200,98
134,46,44,198,233,153,112,161
155,245,65,192,200,21,51,55
193,79,85,166,58,220,8,186
181,129,17,246,62,111,236,179
89,105,99,101,57,36,96,33
50,243,0,92,113,164,232,246
235,164,220,119,147,106,142,152
208,19,179,5,46,74,92,97
84,107,132,138,54,232,229,31
139,235,17,64,130,61,189,149
176,102,96,146,77,22,253,249
161,195,60,160,185,148,192,116
94,126,181,190,72,173,168,165
142,37,156,244,97,169,90,30
250,219,8,128,209,166,253,229
16,217,212,79,71,20,191,245
97,232,30,136,215,58,81,186
35,232,202,1,120,176,102,152
176,77,253,200,134,226,56,101
5,156,162,155,64,147,2,235
68,242,233,112,75,88,135,103
50,126,194,238,45,25,138,12
186,2,102,242,211,148,83,128
104,85,207,11,12,217,49,94
239,228,59,254,12,207,242,179
163,45,173,67,234,174,109,129
0,67,108,134,34,130,249,63
33,77,130,40,19,174,243,86
73,6,63,187,130,103,59,166
94,62,179,137,22,53,184,255
105,87,55,13,218,117,208,168
24,201,228,120,190,218,240,220
60,159,26,46,21,231,10,72
76,249,251,71,24,119,18,143
223,136,238,15,98,53,128,198
54,20,29,133,115,36,209,247
176,249,247,224,46,25,6,162
83,165,174,5,90,60,36,55
74,28,186,18,36,138,178,158
97,117,84,215,155,86,62,176
139,90,252,87,51,195,216,187
92,139,243,76,67,75,149,1
144,92,194,160,135,60,14,58
130,51,178,244,159,54,222,14
182,11,81,29,142,174,40,155
80,244,243,162,59,110,14,245
154,144,47,64,243,18,59,161
130,151,94,102,229,141,90,25
25,84,31,186,165,162,157,75
21,38,214,146,170,107,55,26
80,0,40,123,208,214,226,219
71,233,128,181,215,34,89,217
156,124,142,180,226,103,223,210
149,106,195,161,248,11,183,120
154,243,214,215,135,78,170,241
187,113,66,103,220,191,132,87
40,205,197,149,172,196,151,56
182,7,226,89,142,22,55,23
97,179,96,222,126,67,60,234
197,118,202,6,91,42,131,154
163,141,237,228,106,130,109,134
98,71,92,65,210,84,94,0
139,134,239,24,30,124,63,206
76,66,64,26,190,44,253,170
247,5,45,42,134,105,8,195
128,112,89,225,45,141,213,58
2,181,171,12,207,195,92,165
58,27,205,41,108,141,155,144
10,125,174,238,103,65,17,247
248,203,0,194,8,136,67,205
172,135,187,66,250,222,59,120
118,74,153,189,205,21,4,83
198,61,151,184,117,210,47,42
178,160,122,107,201,14,81,194
115,70,72,66,5,150,131,78
232,22,203,93,73,140,224,251
17,140,17,17,24,228,11,101
149,55,239,100,218,231,167,32
62,56,121,149,90,179,220,48
120,201,139,146,72,185,217,145
213,180,68,127,184,62,76,175
139,215,134,54,161,219,236,239
244,167,119,194,95,253,240,37
14,170,3,226,50,101,149,27
249,251,87,140,189,169,155,17
124,201,103,104,136,178,200,55
127,217,105,81,126,60,100,53
146,0,88,216,111,88,188,164
101,170,115,192,143,237,160,146
78,86,187,130,245,51,229,1
198,23,120,202,30,55,227,104
236,20,181,249,103,90,247,49
1,8,191,162,150,210,2,58
234,196,170,13,82,39,232,84
177,168,204,182,166,183,19,199
4,46,64,207,131,51,238,204
181,95,100,186,59,32,106,17
56,91,91,144,6,86,124,57
40,214,140,157,128,132,156,89
194,149,33,225,41,170,72,124
105,245,137,144,228,158,127,32
32,101,247,147,121,136,71,183
19,231,225,5,19,102,39,39
15,147,129,183,194,137,173,74
5,20,87,173,251,21,234,110
139,40,165,158,19,133,241,214
90,36,242,120,199,37,92,55
209,110,136,218,183,150,199,60
113,2,246,152,230,77,82,3
95,237,142,58,60,20,35,158
230,213,232,125,4,136,226,147
242,111,93,209,110,154,59,93
149,7,141,217,15,14,96,232
134,252,217,238,92,255,133,24
157,66,234,157,50,88,98,67
88,222,41,36,81,92,180,178
89,109,68,249,220,32,188,36
230,157,175,67,219,12,190,75
104,178,33,94,185,93,131,77
237,3,19,92,199,166,216,69
166,122,68,127,183,74,13,191
105,24,56,192,33,4,119,64
48,111,180,75,2,95,238,187
151,37,68,0,55,62,79,29
98,120,181,243,7,85,251,194
246,180,155,237,150,174,87,253
219,191,204,233,115,38,74,149
64,142,227,152,11,237,194,66
119,173,191,222,51,10,48,52
116,187,1,82,163,212,7,140
82,235,145,194,117,121,64,225
207,132,25,172,170,123,217,189
203,98,136,198,165,46,81,29
205,115,145,120,174,60,46,245
126,58,42,93,113,34,120,169
44,80,14,197,124,176,59,149
72,222,59,54,196,140,9,134
232,37,116,230,33,175,117,62
70,246,192,66,205,231,153,244
63,58,233,106,233,84,145,210
213,107,254,179,248,235,253,118
173,24,209,36,98,245,132,113
145,101,122,250,243,145,76,203
240,137,211,36,89,46,130,125
89,79,249,199,169,18,216,245
4,150,209,187,219,214,2,149
73,209,129,12,73,232,56,53
39,135,243,122,52,7,183,156
190,211,86,249,63,202,64,11
213,229,156,50,242,26,151,179
85,128,252,0,57,179,6,58
204,122,114,244,226,167,215,58
235,63,58,209,34,219,221,193
8,78,89,17,17,136,236,210
157,187,20,95,41,188,93,226
199,171,119,26,203,214,139,92
200,219,207,216,187,13,89,30
133,25,49,225,159,234,169,250
9,201,241,175,131,201,230,54
0,98,43,117,88,92,123,12
61,238,61,149,112,40,89,42
52,142,75,40,4,6,118,51
129,244,186,123,174,163,72,61
95,231,181,140,239,0,78,81
50,194,172,145,170,243,136,238
254,245,208,113,167,164,249,134
237,130,152,72,18,18,44,255
205,129,62,231,250,139,173,52
143,157,67,82,210,55,139,113
201,149,231,65,242,142,221,250
53,188,178,160,23,221,58,133
48,121,238,15,223,198,63,187
60,200,42,98,78,188,13,188
127,183,185,34,76,139,200,152
65,234,49,10,37,206,25,214
114,23,236,139,8,118,173,240
33,139,138,73,136,74,180,213
6,163,109,155,29,98,99,103
249,84,60,15,164,171,114,250
121,163,97,227,219,102,158,219
39,45,139,141,230,169,40,198
72,161,44,53,206,220,85,111
70,65,252,53,252,61,236,250
47,101,116,160,194,93,187,131
52,248,84,184,210,160,18,151
43,249,30,118,197,193,70,184
14,251,152,7,149,76,48,221
122,165,78,73,36,34,172,240
49,50,14,82,179,249,26,78
153,242,106,232,107,217,224,75
59,200,57,10,216,160,229,171
68,170,22,102,104,126,24,42
7,36,224,225,241,122,231,245
121,213,57,19,40,235,200,47
179,241,7,200,43,0,180,109
116,189,245,128,248,57,167,58
156,22,243,239,244,236,34,147
178,234,178,126,101,193,169,108
96,189,41,200,247,53,69,42
242,38,19,30,59,27,2,39
218,80,110,3,35,22,114,49
46,121,254,177,136,33,41,11
40,118,200,146,165,8,63,234
166,45,151,200,153,236,209,249
168,25,122,166,232,194,128,214
212,202,68,52,251,212,240,19
245,98,11,175,155,62,75,181
120,26,170,6,122,115,187,184
237,187,63,94,170,182,244,138
140,37,173,144,36,162,167,140
174,203,27,166,67,162,16,148
80,52,115,97,70,121,105,109
147,124,228,182,210,187,117,85
62,209,97,76,109,82,246,126
59,247,31,255,4,251,55,142
22,196,27,96,101,198,131,32
129,165,146,51,198,153,171,64
210,23,135,240,61,174,132,242
132,47,64,67,69,16,103,172
178,18,201,140,64,34,176,215
159,125,112,95,239,24,63,82
49,63,71,4,251,124,250,239
112,186,166,249,112,170,73,245
12,102,166,107,61,85,152,156
213,78,167,193,181,0,217,148
65,145,202,17,17,133,255,126
233,226,120,169,236,145,132,113
12,8,218,135,197,38,228,118
11,94,94,225,129,24,32,12
235,84,56,159,230,145,60,166
215,237,223,219,33,141,193,40
155,63,140,104,65,94,60,110
41,247,190,72,185,41,189,196
24,210,185,52,226,104,89,111
32,36,2,24,119,102,168,35
159,85,228,148,23,197,71,138
23,95,239,125,199,251,87,196
174,81,115,90,109,209,253,225
173,207,10,231,86,227,224,105
1,144,11,149,177,35,174,212
189,222,24,8,17,86,151,18
151,26,145,152,239,149,208,5
102,54,30,209,38,206,18,2
170,57,41,243,117,64,24,84
4,190,97,114,1,2,37,184
185,117,57,118,208,124,124,226
51,160,103,93,79,237,229,247
129,151,101,52,205,228,46,17
210,69,243,66,253,198,168,190
254,169,148,125,120,78,166,128
253,87,12,19,57,9,2,79
109,244,232,226,32,214,152,19
17,189,246,0,111,108,201,42
76,0,201,52,80,211,248,232
170,161,54,123,76,233,16,18
88,150,218,132,213,223,253,98
167,108,145,53,190,186,47,6
141,192,0,36,190,211,26,33
36,199,13,30,241,87,184,72
41,198,98,163,86,199,6,7
126,155,237,104,82,121,130,90
168,50,99,211,43,21,180,51
81,16,184,131,142,25,162,250
200,204,168,198,10,86,90,9
124,145,50,33,147,112,108,44
133,158,23,203,0,98,109,39
27,198,96,50,141,248,117,48
28,240,213,117,89,83,162,112
139,152,135,232,233,105,147,134
12,76,71,148,163,130,237,4
105,47,44,180,84,188,218,240
15,122,17,57,171,136,133,68
146,246,20,70,188,42,159,111
37,131,25,180,126,61,221,210
34,149,69,144,77,45,120,68
136,177,131,152,104,187,172,142
120,244,2,194,116,125,57,240
184,141,181,181,247,91,229,154
48,62,210,78,222,18,248,51
112,223,84,28,248,181,190,86
39,218,121,229,121,40,9,15
173,176,68,31,120,163,172,99
122,115,252,119,113,53,1,197
173,74,171,77,196,62,100,162
134,240,160,53,51,243,182,214
236,53,238,120,104,222,219,53
232,123,235,146,109,92,60,3
40,58,177,178,50,30,70,124
125,125,160,60,11,168,233,77
93,100,218,74,47,212,25,24
98,160,198,39,58,80,80,244
201,249,142,211,171,28,11,235
244,203,161,130,103,13,73,123
233,132,49,28,53,77,15,21
208,40,182,190,64,217,230,161
121,206,105,56,152,1,91,248
211,32,202,142,176,236,127,104
118,223,26,119,225,17,101,51
26,92,226,224,230,190,166,16
30,0,106,106,95,149,224,169
2,197,67,232,79,11,50,28
237,187,190,226,157,231,194,123
41,132,115,20,150,201,55,75
161,216,187,240,106,160,63,8
106,2,53,24,170,50,11,160
55,97,69,229,209,153,206,243
227,232,144,227,184,192,66,90
235,158,129,82,31,234,35,29
241,30,200,166,43,43,177,251
58,25,214,8,227,237,50,165
49,207,98,212,178,108,110,67
227,154,231,25,232,58,50,239
128,99,35,27,57,189,206,53
224,42,153,212,60,172,150,153
252,131,16,111,237,149,100,16
112,19,18,204,44,90,20,134
0,23,111,255,59,175,7,87
16,222,183,208,68,158,161,214
42,74,195,60,209,3,204,201
124,83,45,243,82,16,114,234
87,131,211,216,155,202,6,103
178,123,88,133,99,138,252,100
164,109,163,196,199,125,77,116
238,160,94,22,196,37,244,36
111,239,120,48,192,214,115,112
173,74,163,121,2,57,79,75
83,51,215,142,53,205,143,27
174,67,205,190,233,97,65,58
46,163,133,142,18,155,245,119
235,147,193,54,135,116,65,147
30,230,136,34,132,185,59,197
163,132,164,114,41,139,2,55
126,230,35,123,249,224,53,134
83,158,218,68,92,1,122,69
236,204,221,9,29,10,249,123
183,170,8,187,236,109,222,32
70,2,122,126,221,111,219,164
205,178,21,41,231,168,163,105
167,47,255,202,102,135,112,68
209,255,35,32,154,205,126,255
110,61,177,31,38,14,142,218
65,24,154,111,146,51,100,5
54,85,21,237,201,250,73,40
217,201,29,41,155,116,137,219
221,224,241,230,60,134,246,47
151,25,146,157,196,104,100,35
129,135,72,251,173,41,43,47
184,81,30,94,88,42,168,189
125,50,97,92,136,158,188,171
183,251,37,60,228,17,76,202
112,12,192,123,122,222,191,98
84,223,77,72,55,182,131,172
53,125,42,8,112,32,136,86
138,6,122,211,92,244,195,3
235,46,164,245,151,223,173,200
150,186,210,110,161,226,193,176
237,7,115,114,93,210,1,57
246,132,186,234,147,218,114,213
218,51,28,241,110,244,156,105
102,44,214,88,255,116,11,209
141,26,101,35,184,126,208,91
228,187,12,10,241,138,0,72
37,100,82,248,102,231,52,78
173,123,129,143,183,53,8,24
254,252,40,162,231,234,157,196
61,244,153,185,222,206,22,100
180,9,107,145,231,127,30,126
81,240,250,154,51,237,97,140
38,245,227,119,84,223,15,125
231,119,136,130,194,108,92,50
111,106,146,69,89,131,2,1
60,211,106,1,217,100,189,54
238,79,190,43,101,36,206,141
204,140,2,234,5,45,121,185
63,206,237,155,37,188,135,224
84,108,248,77,19,97,197,28
62,80,226,69,132,131,131,252
211,123,47,123,15,217,22,1
10,127,164,27,177,242,86,34
131,2,205,5,72,174,33,72
255,66,119,77,24,194,214,211
227,139,54,188,73,56,218,19
186,195,224,77,102,236,23,207
176,223,16,177,223,17,120,194
23,107,164,204,137,170,110,25
230,6,64,53,25,17,110,246
53,227,201,186,172,116,113,240
195,73,234,218,66,83,114,144
112,20,146,73,62,3,244,214
195,50,116,111,232,46,121,178
101,38,134,233,236,80,12,140
163,137,131,7,216,60,184,188
241,132,105,76,161,149,15,18
98,88,251,241,31,85,164,80
48,214,64,98,140,73,145,171
58,231,2,192,9,147,242,78
129,5,80,93,25,39,104,214
171,191,252,67,36,79,151,215
128,57,30,174,246,39,168,85
111,170,143,141,61,34,200,76
10,221,111,5,14,131,166,41
134,177,160,238,97,228,249,79
60,153,73,84,144,178,248,147
42,28,84,247,220,175,224,192
115,85,239,203,232,111,114,20
219,116,15,121,60,219,115,193
76,60,232,220,196,178,42,108
83,131,118,133,78,3,229,177
164,181,248,56,16,180,116,158
146,81,112,108,31,254,172,52
152,107,36,207,249,238,229,233
211,40,32,192,252,230,125,40
132,69,177,211,236,26,83,207
147,144,235,80,113,19,77,176
7,109,37,180,150,47,210,17
144,83,120,46,76,31,80,44
253,77,67,36,229,104,184,175
198,121,170,172,154,227,253,61
131,140,18,19,5,61,153,236
115,76,166,89,167,120,7,197
246,20,214,179,100,104,74,71
19,84,210,8,2,54,101,228
244,14,19,117,173,224,225,130
100,90,211,201,118,183,74,251
88,227,144,9,207,224,178,158
99,104,142,236,17,212,44,172
64,60,82,96,246,224,82,220
76,198,39,4,31,165,192,215
9,2,156,173,143,153,151,188
156,254,4,225,47,132,251,158
80,94,244,95,72,4,149,1
17,217,201,148,12,10,18,96
242,185,32,39,13,91,162,170
168,94,92,110,196,15,122,192
12,188,36,247,11,21,82,249
157,216,226,1,163,174,232,159
251,80,69,0,176,237,123,111
109,208,191,28,56,62,80,28
92,157,8,178,167,220,48,205
214,14,153,209,78,88,232,154
13,14,50,191,223,25,201,19
213,156,85,114,243,215,38,186
41,75,200,23,133,30,216,132
166,194,23,142,116,210,189,91
14,60,16,236,4,165,52,159
199,9,69,248,93,162,163,160
89,12,141,174,11,166,242,38
244,59,131,191,124,226,13,234
232,34,6,15,134,90,102,26
42,96,184,54,222,105,112,216
214,41,127,0,162,59,37,188
167,194,6,237,208,81,129,77
129,8,61,177,205,0,4,140
232,234,213,181,223,242,52,106
134,234,197,148,178,164,25,76
169,159,200,159,215,230,192,142
195,54,220,89,65,95,185,254
232,236,197,252,198,6,152,92
83,150,136,242,164,170,119,225
225,26,240,93,249,107,115,181
148,243,12,144,74,62,42,118
18,177,175,147,253,109,68,184
36,119,239,163,222,21,231,128
55,123,167,176,158,166,65,200
222,137,245,221,80,103,2,255
78,128,188,3,234,239,223,134
224,211,35,46,202,173,16,51
147,9,20,30,46,97,211,209
136,62,190,200,187,160,231,158
132,160,19,211,247,84,17,204
113,243,75,27,207,57,155,1
221,13,96,49,17,98,208,215
122,91,144,217,243,178,130,93
156,90,222,139,139,99,132,148
190,31,144,243,84,131,47,243
253,207,178,113,176,114,225,227
156,39,146,153,96,101,122,67
126,246,66,180,13,229,221,229
175,158,26,61,195,81,117,15
220,151,51,101,113,88,174,252
214,236,237,143,106,128,119,88
19,188,105,213,231,163,199,200
44,186,16,129,131,108,21,95
96,173,10,149,189,222,222,42
16,240,200,68,122,205,35,165
65,243,123,118,128,98,232,67
29,185,154,72,252,156,182,235
114,88,97,137,253,202,25,117
50,125,76,62,246,18,35,49
241,229,159,31,64,237,232,97
106,228,226,24,150,168,0,185
251,226,93,202,151,229,9,230
36,217,160,7,72,24,34,5
12,216,254,89,143,11,112,39
252,131,13,124,185,90,157,212
225,145,40,223,245,247,84,132
206,76,238,39,214,167,198,39
120,21,192,171,213,131,40,159
185,222,70,249,205,120,50,65
14,174,234,80,125,200,162,88
24,32,91,36,10,135,183,161
31,228,12,158,122,30,183,208
138,60,179,25,58,203,106,9
104,128,202,166,153,31,156,104
235,155,17,136,75,127,158,123
231,140,10,185,230,164,198,194
87,231,124,99,104,27,234,53
217,81,241,104,176,197,233,190
45,7,56,218,0,88,35,187
186,87,228,132,130,221,252,126
9,37,202,95,192,48,93,205
72,103,135,30,41,131,50,98
200,170,247,163,147,218,237,107
127,139,191,135,180,144,2,11
134,63,197,150,168,209,105,215
156,12,179,80,110,31,31,90
162,205,119,106,107,205,165,146
30,113,198,75,229,135,127,113
184,125,148,143,137,200,182,93
191,133,157,135,230,97,87,176
165,183,224,183,240,249,242,57
126,81,30,87,126,136,28,185
134,38,96,210,204,219,237,102
152,29,110,74,249,19,131,108
184,178,89,19,138,38,125,103
137,115,242,51,229,92,129,234
215,132,80,232,215,211,182,251
15,27,78,34,15,251,74,148
194,4,10,4,161,27,238,36
38,30,104,104,132,203,85,12
149,221,141,88,20,119,184,35
12,198,100,150,144,227,85,50
173,246,28,20,157,161,236,120
61,156,168,125,194,156,64,40
167,122,62,170,233,145,156,230
119,104,217,46,228,145,76,77
96,208,183,203,230,128,31,108
183,51,219,250,6,153,236,68
245,163,140,103,192,231,9,76
56,71,212,114,116,205,213,238
195,218,2,176,228,128,48,7
122,44,41,104,186,136,254,107
103,159,159,22,0,67,168,94
56,171,126,235,166,97,155,28
190,92,38,75,0,104,199,82
111,207,185,77,69,50,33,162
229,184,158,63,17,107,33,35
93,222,255,32,227,19,68,223
57,157,75,36,160,2,139,83
126,99,180,52,15,95,251,243
87,52,177,107,91,39,27,163
144,39,126,153,148,173,121,63
28,230,151,196,46,20,37,20
144,50,65,162,128,214,52,101
165,92,2,32,70,65,63,231
186,205,35,223,31,245,225,69
79,127,53,178,16,103,60,157
139,130,137,33,0,97,117,0
183,120,182,233,58,127,52,246
193,25,24,121,238,180,37,248
186,176,75,118,176,195,121,244
89,156,180,56,247,198,102,205
117,208,248,75,159,171,162,217
143,83,130,239,103,177,236,97
70,193,2,153,116,240,132,35
224,200,233,112,205,206,174,211
200,171,238,208,221,139,51,150
10,195,140,202,244,182,223,134
217,249,129,162,198,181,4,50
10,77,80,79,234,65,245,27
150,83,192,255,92,232,141,55
28,176,91,145,252,137,166,113
92,161,241,25,13,219,162,39
189,117,18,95,182,231,229,171
201,14,151,96,132,137,88,195
172,100,26,204,231,243,232,42
184,1,121,134,176,43,5,12
227,134,87,40,154,136,36,141
71,37,155,124,190,56,61,67
161,37,239,4,28,188,77,183
211,97,66,114,25,106,213,232
99,201,70,49,252,235,90,201
250,224,243,218,112,187,227,190
229,60,2,191,5,172,127,34
151,9,115,101,175,99,188,196
37,134,8,2,69,217,48,101
200,134,200,3,4,219,244,60
95,241,124,136,9,139,35,115
235,64,53,229,218,221,96,167
17,5,196,35,222,26,77,107
155,97,65,125,224,96,21,198
247,139,133,228,144,32,228,176
182,80,176,124,2,159,105,153
15,141,163,29,45,118,91,226
90,183,135,210,110,18,240,98
149,84,68,93,2,52,103,227
226,127,11,177,143,114,128,163
7,103,205,118,156,181,255,211
237,209,193,137,20,185,45,27
33,146,226,122,200,143,87,19
86,22,111,12,233,30,77,203
225,220,105,185,146,158,227,69
59,247,24,43,60,28,116,246
131,142,135,195,72,249,90,73
250,92,3,22,121,107,119,27
133,50,160,107,119,250,175,64
46,112,180,63,77,4,107,253
164,144,89,193,235,58,24,140
182,155,240,86,165,33,167,155
219,177,153,22,178,145,11,205
173,134,188,77,175,57,189,55
106,223,131,251,25,25,59,228
114,25,93,85,214,7,132,82
204,163,125,65,173,43,157,242
161,127,88,222,201,131,16,172
190,197,43,250,59,96,104,89
22,32,115,153,117,230,183,72
62,78,115,117,207,144,16,185
240,164,178,121,5,170,13,101
137,136,122,68,183,213,73,244
138,246,89,172,232,134,231,133
26,252,164,57,128,135,10,42
131,61,239,166,202,117,91,105
177,113,151,99,247,65,134,188
182,227,56,22,153,175,189,18
73,243,55,21,40,218,51,76
66,146,58,237,129,173,162,192
32,200,170,223,97,107,199,186
131,49,56,93,238,41,224,246
178,123,85,145,47,79,53,39
21,234,185,215,144,26,140,115
188,213,221,62,95,29,179,244
215,38,128,11,81,187,250,57
60,222,38,54,254,175,181,195
229,143,148,235,96,132,191,137
111,223,86,10,88,29,242,116
156,12,57,167,41,47,176,228
209,98,209,139,251,193,94,41
152,199,244,177,89,179,227,10
31,48,61,202,180,52,45,66
184,41,138,186,222,75,172,253
88,81,127,25,143,79,213,96
24,219,1,178,227,111,161,255
182,14,187,7,218,42,12,100
21,198,156,203,216,216,150,143
184,241,87,102,34,31,197,112
75,19,226,117,103,127,161,111
27,194,248,72,52,199,54,228
153,42,151,98,126,157,21,159
219,139,130,252,29,251,212,98
27,182,192,131,75,172,138,98
54,148,27,21,41,211,84,201
46,159,162,8,58,100,210,55
168,102,39,99,230,169,170,61
111,14,194,98,249,190,4,224
239,203,76,246,33,21,13,28
187,107,229,67,115,243,117,94
7,204,111,33,231,241,240,9
46,97,17,156,215,125,185,242
46,177,181,116,132,86,10,228
39,215,137,158,146,19,165,29
224,3,130,192,135,157,78,206
66,248,212,185,79,176,78,159
219,140,123,22,187,94,242,41
92,43,182,158,253,140,10,123
27,84,135,200,45,115,107,149
146,27,52,63,200,33,110,240
222,165,201,101,44,245,110,244
65,175,147,205,29,38,77,128
161,7,166,191,67,61,240,101
6,17,89,184,170,150,191,235
31,68,197,232,64,227,38,76
190,171,73,178,90,169,22,52
88,100,9,47,48,193,132,71
134,36,106,171,92,216,233,154
135,177,151,39,95,239,193,57
187,102,255,213,29,220,12,160
41,179,213,159,92,200,208,66
250,154,143,161,72,175,149,5
252,51,104,170,242,227,232,195
32,41,222,191,204,136,216,203
252,59,53,152,47,25,124,94
74,188,242,33,213,226,107,51
103,19,96,250,95,133,66,243
213,60,14,247,209,117,34,189
186,69,79,161,17,126,47,163
95,210,184,179,107,59,18,44
177,154,166,158,16,158,120,208
195,231,182,5,146,107,145,127
73,25,75,66,106,189,145,26
31,36,12,223,114,128,51,248
192,13,99,30,107,245,49,98
208,114,255,114,121,50,205,24
147,255,82,3,162,159,75,202
115,249,20,46,82,122,117,160
126,183,190,3,218,84,22,178
229,36,16,197,236,145,127,144
127,63,140,109,33,236,5,188
67,155,248,39,116,241,129,43
210,223,224,211,196,129,206,199
235,70,18,134,85,82,79,240
244,32,32,7,79,108,102,246
120,80,225,83,62,173,254,161
163,204,240,25,145,69,2,170
200,32,44,62,27,59,228,63
220,235,54,89,149,230,23,130
248,97,247,56,25,117,149,10
219,199,23,90,168,104,90,97
102,250,135,116,166,21,231,133
30,233,248,236,89,36,192,104
173,22,97,96,110,18,238,111
97,24,125,32,115,178,125,246
171,28,74,176,94,167,255,202
162,95,140,71,4,236,8,174
126,182,72,83,163,77,176,215
29,7,73,242,89,235,20,112
129,205,158,122,171,187,213,23
80,152,26,243,255,7,151,94
82,139,211,151,34,236,131,75
247,220,164,89,194,218,198,216
207,87,171,91,245,23,16,115
16,219,203,118,177,61,22,127
19,219,43,182,81,183,17,210
215,222,181,220,22,72,60,53
125,0,152,218,164,132,89,231
202,111,198,90,129,85,45,26
168,239,119,56,154,120,255,116
165,86,165,3,190,253,30,143
114,17,142,128,32,202,88,122
102,157,52,38,217,25,131,54
249,15,224,163,100,245,248,57
73,140,155,86,32,193,19,239
152,209,180,211,209,177,180,52
204,173,61,99,32,79,193,219
238,130,142,129,22,247,162,42
171,200,192,94,165,92,195,92
214,138,51,93,32,1,22,29
228,231,8,152,189,192,142,17
111,146,168,89,26,70,165,78
180,82,59,162,181,149,215,222
20,130,50,166,115,129,37,62
151,146,190,77,26,52,147,225
100,133,86,180,215,170,170,174
74,113,53,170,185,53,247,125
58,3,218,52,51,250,138,158
203,248,134,11,158,115,120,82
181,164,194,25,181,235,89,80
86,111,214,255,23,5,202,66
49,83,82,145,201,53,236,69
105,95,137,88,177,68,228,109
74,55,17,16,28,208,89,62
193,146,69,40,57,202,249,52
223,186,195,69,155,247,244,60
90,16,239,191,187,112,127,57
11,134,110,33,116,35,83,128
113,35,171,173,133,79,43,91
45,130,85,214,19,11,74,138
132,83,223,197,36,192,242,190
225,216,255,213,37,170,238,28
80,105,47,23,101,91,9,192
3,241,47,206,152,56,149,55
209,112,129,244,85,249,229,4
178,119,236,179,151,46,211,28
69,174,250,237,64,181,59,106
74,81,122,181,145,69,125,76
40,174,254,211,180,230,255,20
104,169,94,68,51,118,169,135
55,56,51,183,126,38,104,97
232,232,93,17,104,251,172,208
112,86,126,234,170,78,233,245
233,183,125,14,95,76,25,102
16,81,3,254,134,118,56,174
199,255,1,108,132,34,199,203
147,176,40,194,160,248,75,175
31,233,112,155,132,118,203,192
183,63,146,72,194,109,85,88
205,221,142,77,77,130,121,70
120,4,37,226,252,173,203,75
240,134,96,115,11,189,102,157
20,74,7,32,153,210,100,103
228,204,43,61,43,226,103,71
7,154,157,210,39,53,20,208
70,216,116,28,90,233,147,6
15,188,139,11,115,111,16,228
243,18,0,195,134,11,60,217
40,185,183,27,138,88,204,70
8,37,213,32,219,194,249,1
144,219,69,147,184,10,254,214
226,248,54,103,198,198,158,1
195,171,155,68,140,222,156,181
